{
    "count": 135, 
    "sentiment_score": 2.1903847483884448e-05, 
    "tps": 23.250742382053897, 
    "tag": "#IPL"
}